Title,Budget INR,Source,Published At,Link,Proposal
"Atria Physician Practice New York Pc: Staff Software Engineer, Product",23240000.0,https://weworkremotely.com/categories/remote-devops-sysadmin-jobs.rss,"Thu, 30 Apr 2026 17:36:42 +0000",https://weworkremotely.com/remote-jobs/atria-physician-practice-new-york-pc-staff-software-engineer-product,"Hi, I can help with this project by combining hands-on AWS, DevOps, and cloud delivery experience. For 'Atria Physician Practice New York Pc: Staff Software Engineer, Product', I would start by confirming the current architecture, defining the fastest safe delivery plan, and then implementing clear automation, monitoring, and handover documentation. I am available to begin with a focused discovery call."
Senior DevOps Engineer,16644820.0,https://remoteok.com/remote-devops+engineering-jobs.rss,2026-03-07T06:01:33+00:00,https://remoteOK.com/remote-jobs/remote-senior-devops-engineer-chownow-1130673,"Hi, I can help with this project by combining hands-on AWS, DevOps, and cloud delivery experience. For 'Senior DevOps Engineer', I would start by confirming the current architecture, defining the fastest safe delivery plan, and then implementing clear automation, monitoring, and handover documentation. I am available to begin with a focused discovery call."
Kubernetes Engineer,15438000.0,https://remoteok.com/remote-devops+engineering-jobs.rss,2026-01-13T00:00:01+00:00,https://remoteOK.com/remote-jobs/remote-kubernetes-engineer-le018-zelis-healthcare-llc-1129527,"Hi, I can help with this project by combining hands-on AWS, DevOps, and cloud delivery experience. For 'Kubernetes Engineer', I would start by confirming the current architecture, defining the fastest safe delivery plan, and then implementing clear automation, monitoring, and handover documentation. I am available to begin with a focused discovery call."
Cloudpepper: Senior Platform / DevOps Engineer,14940000.0,https://weworkremotely.com/categories/remote-devops-sysadmin-jobs.rss,"Sat, 25 Apr 2026 19:55:58 +0000",https://weworkremotely.com/remote-jobs/cloudpepper-senior-platform-devops-engineer,"Hi, I can help with this project by combining hands-on AWS, DevOps, and cloud delivery experience. For 'Cloudpepper: Senior Platform / DevOps Engineer', I would start by confirming the current architecture, defining the fastest safe delivery plan, and then implementing clear automation, monitoring, and handover documentation. I am available to begin with a focused discovery call."
Senior Full Stack Software Engineer,14525000.0,https://remoteok.com/remote-devops+engineering-jobs.rss,2026-01-21T06:01:17+00:00,https://remoteOK.com/remote-jobs/remote-senior-full-stack-software-engineer-empassion-1129677,"Hi, I can help with this project by combining hands-on AWS, DevOps, and cloud delivery experience. For 'Senior Full Stack Software Engineer', I would start by confirming the current architecture, defining the fastest safe delivery plan, and then implementing clear automation, monitoring, and handover documentation. I am available to begin with a focused discovery call."
Jahnel Group: DevOps Engineer,11620000.0,https://weworkremotely.com/categories/remote-devops-sysadmin-jobs.rss,"Thu, 30 Apr 2026 17:37:17 +0000",https://weworkremotely.com/remote-jobs/jahnel-group-devops-engineer,"Hi, I can help with this project by combining hands-on AWS, DevOps, and cloud delivery experience. For 'Jahnel Group: DevOps Engineer', I would start by confirming the current architecture, defining the fastest safe delivery plan, and then implementing clear automation, monitoring, and handover documentation. I am available to begin with a focused discovery call."
Sanctuary Computer: Senior Frontend Developer,9960000.0,remotive,2026-04-08T16:15:21,https://remotive.com/remote-jobs/software-development/senior-frontend-developer-2088707,"Hi, I can help with this project by combining hands-on AWS, DevOps, and cloud delivery experience. For 'Sanctuary Computer: Senior Frontend Developer', I would start by confirming the current architecture, defining the fastest safe delivery plan, and then implementing clear automation, monitoring, and handover documentation. I am available to begin with a focused discovery call."
Inside Sales Associate,4980000.0,https://remoteok.com/remote-devops+engineering-jobs.rss,2025-11-04T06:03:10+00:00,https://remoteOK.com/remote-jobs/remote-inside-sales-associate-liatrio-1128791,"Hi, I can help with this project by combining hands-on AWS, DevOps, and cloud delivery experience. For 'Inside Sales Associate', I would start by confirming the current architecture, defining the fastest safe delivery plan, and then implementing clear automation, monitoring, and handover documentation. I am available to begin with a focused discovery call."
Dry Ground AI: AI Engineer,4980000.0,remotive,2026-04-21T08:16:20,https://remotive.com/remote-jobs/artificial-intelligence/ai-engineer-2089958,"Hi, I can help with this project by combining hands-on AWS, DevOps, and cloud delivery experience. For 'Dry Ground AI: AI Engineer', I would start by confirming the current architecture, defining the fastest safe delivery plan, and then implementing clear automation, monitoring, and handover documentation. I am available to begin with a focused discovery call."
Extreme Digital Solutions: ed3b ANALISTA DEVOPS III,323700.0,https://weworkremotely.com/categories/remote-devops-sysadmin-jobs.rss,"Fri, 03 Apr 2026 00:08:59 +0000",https://weworkremotely.com/remote-jobs/extreme-digital-solutions-ed3b-analista-devops-iii,"Hi, I can help with this project by combining hands-on AWS, DevOps, and cloud delivery experience. For 'Extreme Digital Solutions: ed3b ANALISTA DEVOPS III', I would start by confirming the current architecture, defining the fastest safe delivery plan, and then implementing clear automation, monitoring, and handover documentation. I am available to begin with a focused discovery call."
Evolutioniq: Senior DevOps Engineer (CloudInfra),83000.0,https://weworkremotely.com/categories/remote-devops-sysadmin-jobs.rss,"Tue, 07 Apr 2026 20:34:02 +0000",https://weworkremotely.com/remote-jobs/evolutioniq-senior-devops-engineer-cloudinfra,"Hi, I can help with this project by combining hands-on AWS, DevOps, and cloud delivery experience. For 'Evolutioniq: Senior DevOps Engineer (CloudInfra)', I would start by confirming the current architecture, defining the fastest safe delivery plan, and then implementing clear automation, monitoring, and handover documentation. I am available to begin with a focused discovery call."
Senior Software Development Engineer DevOps,41500.0,https://remoteok.com/remote-devops+engineering-jobs.rss,2026-01-21T22:00:34+00:00,https://remoteOK.com/remote-jobs/remote-senior-software-development-engineer-devops-equip-health-1129690,"Hi, I can help with this project by combining hands-on AWS, DevOps, and cloud delivery experience. For 'Senior Software Development Engineer DevOps', I would start by confirming the current architecture, defining the fastest safe delivery plan, and then implementing clear automation, monitoring, and handover documentation. I am available to begin with a focused discovery call."
Full Stack Engineer,41500.0,https://remoteok.com/remote-devops+engineering-jobs.rss,2025-11-18T06:00:34+00:00,https://remoteOK.com/remote-jobs/remote-full-stack-engineer-darkroom-1128975,"Hi, I can help with this project by combining hands-on AWS, DevOps, and cloud delivery experience. For 'Full Stack Engineer', I would start by confirming the current architecture, defining the fastest safe delivery plan, and then implementing clear automation, monitoring, and handover documentation. I am available to begin with a focused discovery call."
Senior Software Engineer India,26560.0,https://remoteok.com/remote-devops+engineering-jobs.rss,2026-02-10T01:01:04+00:00,https://remoteOK.com/remote-jobs/remote-senior-software-engineer-india-alpaca-1130162,"Hi, I can help with this project by combining hands-on AWS, DevOps, and cloud delivery experience. For 'Senior Software Engineer India', I would start by confirming the current architecture, defining the fastest safe delivery plan, and then implementing clear automation, monitoring, and handover documentation. I am available to begin with a focused discovery call."
Senior DevOps Engineer,14110.0,https://remoteok.com/remote-devops+engineering-jobs.rss,2025-12-05T19:00:21+00:00,https://remoteOK.com/remote-jobs/remote-senior-devops-engineer-alpaca-1129119,"Hi, I can help with this project by combining hands-on AWS, DevOps, and cloud delivery experience. For 'Senior DevOps Engineer', I would start by confirming the current architecture, defining the fastest safe delivery plan, and then implementing clear automation, monitoring, and handover documentation. I am available to begin with a focused discovery call."
Software Engineer Generalist Devops,10375.0,https://remoteok.com/remote-devops+engineering-jobs.rss,2025-11-05T06:04:37+00:00,https://remoteOK.com/remote-jobs/remote-software-engineer-generalist-devops-aztec-1128832,"Hi, I can help with this project by combining hands-on AWS, DevOps, and cloud delivery experience. For 'Software Engineer Generalist Devops', I would start by confirming the current architecture, defining the fastest safe delivery plan, and then implementing clear automation, monitoring, and handover documentation. I am available to begin with a focused discovery call."
Senior Application Engineer,9130.0,https://remoteok.com/remote-devops+engineering-jobs.rss,2025-12-02T16:00:01+00:00,https://remoteOK.com/remote-jobs/remote-senior-application-engineer-infstones-1129086,"Hi, I can help with this project by combining hands-on AWS, DevOps, and cloud delivery experience. For 'Senior Application Engineer', I would start by confirming the current architecture, defining the fastest safe delivery plan, and then implementing clear automation, monitoring, and handover documentation. I am available to begin with a focused discovery call."
